system,metric,direction,actual_mean,permutation_mean,actual_minus_permutation,favorable_difference,permutation_ci95_low,permutation_ci95_high,one_sided_p
ELF diffusion: lexical-composite winner,Content F1,higher,0.02480654716491699,0.008561328984797001,0.01624521818011999,0.01624521818011999,0.002610722789540887,0.01585203190334141,6.999930000699993e-05
ELF diffusion: lexical-composite winner,Word F1,higher,0.08070836500688032,0.0554315485060215,0.02527681650085882,0.02527681650085882,0.0444484612904489,0.06682517193257809,9.99990000099999e-06
ELF diffusion: lexical-composite winner,WER,lower,1.0327272727272727,1.0384974479675293,-0.005770175240256581,0.005770175240256581,1.031818151473999,1.0445454120635986,0.06489935100648994
ELF diffusion: lexical-composite winner,Raw BERTScore F1,higher,0.8198478698730469,0.8172575831413269,0.002590286731720015,0.002590286731720015,0.8161447018384933,0.8184242263436318,1.999980000199998e-05
ELF diffusion: lexical-composite winner,BLEU-1,higher,0.07672386169433594,0.05266113206744194,0.024062729626894,0.024062729626894,0.04223373932763934,0.06348896343261003,9.99990000099999e-06
ELF diffusion: lexical-composite winner,ROUGE-1 F1,higher,0.08733407800847834,0.05899873375892639,0.028335344249551947,0.028335344249551947,0.047776495944708584,0.07067277040332556,9.99990000099999e-06
ELF diffusion: content specialist,Content F1,higher,0.02860495393926447,0.008539234288036823,0.020065719651227647,0.020065719651227647,0.002610722789540887,0.015653446689248084,9.99990000099999e-06
ELF diffusion: content specialist,Word F1,higher,0.06578430262478915,0.04716992750763893,0.018614375117150223,0.018614375117150223,0.03654084727168083,0.05817318763583898,0.0008799912000879991
ELF diffusion: content specialist,WER,lower,1.0445454545454544,1.0446579456329346,-0.0001124910874801266,0.0001124910874801266,1.0381817817687988,1.0509090423583984,0.5269247307526925
ELF diffusion: content specialist,Raw BERTScore F1,higher,0.8180879072709517,0.815060019493103,0.0030278877778486812,0.0030278877778486812,0.8139583989977837,0.8162251725792885,9.99990000099999e-06
ELF diffusion: content specialist,BLEU-1,higher,0.06188390905206854,0.04458165913820267,0.01730224991386587,0.01730224991386587,0.03451607236638665,0.05501354960724708,0.0009299907000929991
ELF diffusion: content specialist,ROUGE-1 F1,higher,0.07530297366055576,0.050432007759809494,0.024870965900746264,0.024870965900746264,0.03942271647974849,0.061880261357873674,5.999940000599994e-05
ELF diffusion: retrieval specialist,Content F1,higher,0.025524880669333717,0.008938017301261425,0.01658686336807229,0.01658686336807229,0.0027272729203104973,0.016414418863132597,4.999950000499995e-05
ELF diffusion: retrieval specialist,Word F1,higher,0.07233159325339578,0.04908393695950508,0.023247656293890695,0.023247656293890695,0.0382884232327342,0.06049940325319767,4.999950000499995e-05
ELF diffusion: retrieval specialist,WER,lower,1.0463636363636364,1.0489637851715088,-0.0026001488078724044,0.0026001488078724044,1.0427272319793701,1.0545454025268555,0.24680753192468075
ELF diffusion: retrieval specialist,Raw BERTScore F1,higher,0.8189970536665483,0.8157223463058472,0.0032747073607011234,0.0032747073607011234,0.8146239519119263,0.8168744459748268,9.99990000099999e-06
ELF diffusion: retrieval specialist,BLEU-1,higher,0.06870056499134411,0.046164482831954956,0.022536082159389154,0.022536082159389154,0.035993033461272715,0.05690846526995301,2.999970000299997e-05
ELF diffusion: retrieval specialist,ROUGE-1 F1,higher,0.07696786360307173,0.05270672217011452,0.02426114143295721,0.02426114143295721,0.041426713299006226,0.06457981243729591,4.999950000499995e-05
T5 prefix: direct-projector winner,Content F1,higher,0.02550913854078813,0.00936537329107523,0.0161437652497129,0.0161437652497129,0.0029137530364096165,0.0171445658430457,0.00012999870001299986
T5 prefix: direct-projector winner,Word F1,higher,0.09942505576393822,0.07031681388616562,0.029108241877772598,0.029108241877772598,0.05800291793420911,0.08300334215164185,9.99990000099999e-06
T5 prefix: direct-projector winner,WER,lower,0.9772727272727273,0.9848952889442444,-0.007622561671517092,0.007622561671517092,0.9772727489471436,0.9918181896209717,0.026909730902690974
T5 prefix: direct-projector winner,Raw BERTScore F1,higher,0.8282123218883167,0.8236573338508606,0.004554988037456131,0.004554988037456131,0.8224474191665649,0.8249214977025986,9.99990000099999e-06
T5 prefix: direct-projector winner,BLEU-1,higher,0.09563446911898527,0.06823225319385529,0.02740221592512998,0.02740221592512998,0.05615327432751656,0.0805088508874178,1.999980000199998e-05
T5 prefix: direct-projector winner,ROUGE-1 F1,higher,0.10876659046519886,0.07709730416536331,0.03166928629983555,0.03166928629983555,0.06466817148029805,0.08996949978172779,9.99990000099999e-06
"Vec2Text: predicted qc4wyals ADA, 10-word cap",Content F1,higher,0.022711935910311613,0.00893092155456543,0.013781014355746184,0.013781014355746184,0.0027272729203104973,0.016462627844884992,0.00043999560004399956
"Vec2Text: predicted qc4wyals ADA, 10-word cap",Word F1,higher,0.05205773006786,0.03668064996600151,0.015377080101858488,0.015377080101858488,0.027121785329654813,0.04681361131370066,0.0016699833001669983
"Vec2Text: predicted qc4wyals ADA, 10-word cap",WER,lower,1.0681818181818181,1.0709326267242432,-0.002750808542425043,0.002750808542425043,1.0654546022415161,1.075454592704773,0.17358826411735884
"Vec2Text: predicted qc4wyals ADA, 10-word cap",Raw BERTScore F1,higher,0.8110033902254972,0.8075842261314392,0.003419164094057958,0.003419164094057958,0.8064622268080711,0.8087856188416481,9.99990000099999e-06
"Vec2Text: predicted qc4wyals ADA, 10-word cap",BLEU-1,higher,0.05123652978376909,0.03546861931681633,0.015767910466952757,0.015767910466952757,0.026149827241897582,0.04529411243274807,0.001009989900100999
"Vec2Text: predicted qc4wyals ADA, 10-word cap",ROUGE-1 F1,higher,0.058061075210571286,0.04017334431409836,0.017887730896472928,0.017887730896472928,0.030088088102638723,0.050869020260870444,0.0007699923000769992
"Vec2Text: predicted qc4wyals ADA, native length",Content F1,higher,0.01116380908272483,0.00620567612349987,0.00495813295922496,0.00495813295922496,0.002467750245705247,0.01090550606604665,0.02036979630203698
"Vec2Text: predicted qc4wyals ADA, native length",Word F1,higher,0.03272399252111262,0.02531999722123146,0.007403995299881158,0.007403995299881158,0.019806591048836707,0.03125163968652487,0.008119918800811992
"Vec2Text: predicted qc4wyals ADA, native length",WER,lower,4.093636363636364,4.112977981567383,-0.019341617931019073,0.019341617931019073,4.10272741317749,4.122727394104004,0.0003099969000309997
"Vec2Text: predicted qc4wyals ADA, native length",Raw BERTScore F1,higher,0.7661286787553268,0.7633452415466309,0.0027834372086958936,0.0027834372086958936,0.762368556857109,0.7643525093793869,9.99990000099999e-06
"Vec2Text: predicted qc4wyals ADA, native length",BLEU-1,higher,0.02177605845711448,0.017110353335738182,0.004665705121376297,0.004665705121376297,0.012971245590597391,0.021670133387669918,0.022719772802271977
"Vec2Text: predicted qc4wyals ADA, native length",ROUGE-1 F1,higher,0.03486179221760143,0.027936967089772224,0.006924825127829208,0.006924825127829208,0.02197871613316238,0.03429003413766622,0.017099829001709983
T5 prefix: exact-ADA oracle,Content F1,higher,0.24787720766934482,0.011680662631988525,0.2361965450373563,0.2361965450373563,0.003895785630447795,0.021751930424943555,9.99990000099999e-06
T5 prefix: exact-ADA oracle,Word F1,higher,0.3269352306019176,0.06475542485713959,0.262179805744778,0.262179805744778,0.05162523314356804,0.07891300376504659,9.99990000099999e-06
T5 prefix: exact-ADA oracle,WER,lower,0.8663636363636363,0.9838844537734985,-0.1175208174098622,0.1175208174098622,0.975454568862915,0.9909090995788574,9.99990000099999e-06
T5 prefix: exact-ADA oracle,Raw BERTScore F1,higher,0.85599497014826,0.8240572810173035,0.031937689130956515,0.031937689130956515,0.8226712837815284,0.8255914553999901,9.99990000099999e-06
T5 prefix: exact-ADA oracle,BLEU-1,higher,0.31384207985617896,0.06222032755613327,0.2516217523000457,0.2516217523000457,0.04962455844506621,0.07582287099212408,9.99990000099999e-06
T5 prefix: exact-ADA oracle,ROUGE-1 F1,higher,0.3430692499334162,0.07033247500658035,0.27273677492683585,0.27273677492683585,0.05682823397219181,0.08491352573037146,9.99990000099999e-06
"Vec2Text: exact ADA ceiling, 10-word cap",Content F1,higher,0.9754273848100142,0.018545027822256088,0.9568823569877581,0.9568823569877581,0.004312354139983654,0.04054366163909434,9.99990000099999e-06
"Vec2Text: exact ADA ceiling, 10-word cap",Word F1,higher,0.9760127674449574,0.06551887094974518,0.9104938964952122,0.9104938964952122,0.04822966828942299,0.08827751129865646,9.99990000099999e-06
"Vec2Text: exact ADA ceiling, 10-word cap",WER,lower,0.06727272727272728,0.9830072522163391,-0.9157345249436118,0.9157345249436118,0.9618181586265564,0.9954545497894287,9.99990000099999e-06
"Vec2Text: exact ADA ceiling, 10-word cap",Raw BERTScore F1,higher,0.9892216769131748,0.8226130604743958,0.166608616438779,0.166608616438779,0.8200557217001915,0.8265569850802421,9.99990000099999e-06
"Vec2Text: exact ADA ceiling, 10-word cap",BLEU-1,higher,0.9743071122602983,0.06541739404201508,0.9088897182182832,0.9088897182182832,0.0481766052544117,0.08817140758037567,9.99990000099999e-06
"Vec2Text: exact ADA ceiling, 10-word cap",ROUGE-1 F1,higher,0.976526572487571,0.07052531093358994,0.9060012615539811,0.9060012615539811,0.05301748560741544,0.09333294164389372,9.99990000099999e-06
"Vec2Text: exact ADA ceiling, native length",Content F1,higher,0.9753778631036932,0.018648885190486908,0.9567289779132063,0.9567289779132063,0.004707744566258044,0.04062687233090401,9.99990000099999e-06
"Vec2Text: exact ADA ceiling, native length",Word F1,higher,0.9740977200594816,0.06530436873435974,0.9087933513251218,0.9087933513251218,0.04826780650764704,0.08787764459848403,9.99990000099999e-06
"Vec2Text: exact ADA ceiling, native length",WER,lower,0.0809090909090909,1.0138359069824219,-0.932926816073331,0.932926816073331,0.9927272796630859,1.0263636112213135,9.99990000099999e-06
"Vec2Text: exact ADA ceiling, native length",Raw BERTScore F1,higher,0.9890993291681464,0.8224396109580994,0.166659718210047,0.166659718210047,0.8198978304862976,0.8263698354363441,9.99990000099999e-06
"Vec2Text: exact ADA ceiling, native length",BLEU-1,higher,0.9643556768243963,0.06462636590003967,0.8997293109243566,0.8997293109243566,0.04767981376498938,0.08709045164287087,9.99990000099999e-06
"Vec2Text: exact ADA ceiling, native length",ROUGE-1 F1,higher,0.9746115251020951,0.07030215859413147,0.9043093665079637,0.9043093665079637,0.05298596555367112,0.092942513898015,9.99990000099999e-06
