semantic_scale,confidence_floor,content_f1,word_f1,word_content_sum,wer,top1,top5,run,metrics_path
0.0,0.0,0.22234114815665618,0.29909112900023216,0.5214322771568883,0.8736363636363637,0.4363636374473572,0.6181818246841431,qc4wyals_elfb_dascoli_weightgrid_lora8_mid_ep40_sem0.0_floor0.0_acc0.50_seed49_20260912,/data/engs-pnpl/glandau/elf-runs/qc4wyals_elfb_dascoli_weightgrid_lora8_mid_ep40_sem0.0_floor0.0_acc0.50_seed49_20260912/best_metrics.json
0.0,0.25,0.2550655671532395,0.3267352655045236,0.5818008326577631,0.7990909090909091,0.40909090638160706,0.6272727251052856,qc4wyals_elfb_dascoli_weightgrid_lora8_mid_ep40_sem0.0_floor0.25_acc0.50_seed49_20260912,/data/engs-pnpl/glandau/elf-runs/qc4wyals_elfb_dascoli_weightgrid_lora8_mid_ep40_sem0.0_floor0.25_acc0.50_seed49_20260912/best_metrics.json
0.0,0.5,0.2689893052502115,0.3462834910276142,0.6152727962778257,0.7518181818181818,0.41818180680274963,0.6272727251052856,qc4wyals_elfb_dascoli_weightgrid_lora8_mid_ep40_sem0.0_floor0.5_acc0.50_seed49_20260912,/data/engs-pnpl/glandau/elf-runs/qc4wyals_elfb_dascoli_weightgrid_lora8_mid_ep40_sem0.0_floor0.5_acc0.50_seed49_20260912/best_metrics.json
0.0,0.75,0.2730255802145754,0.3527679051180195,0.6257934853325948,0.72,0.3999999761581421,0.6545454263687134,qc4wyals_elfb_dascoli_weightgrid_lora8_mid_ep40_sem0.0_floor0.75_acc0.50_seed49_20260912,/data/engs-pnpl/glandau/elf-runs/qc4wyals_elfb_dascoli_weightgrid_lora8_mid_ep40_sem0.0_floor0.75_acc0.50_seed49_20260912/best_metrics.json
0.0,1.0,0.28460564711268344,0.3622280969383113,0.6468337440509948,0.6981818181818182,0.4272727072238922,0.663636326789856,qc4wyals_elfb_dascoli_weightgrid_lora8_mid_ep40_sem0.0_floor1.0_acc0.50_seed49_20260912,/data/engs-pnpl/glandau/elf-runs/qc4wyals_elfb_dascoli_weightgrid_lora8_mid_ep40_sem0.0_floor1.0_acc0.50_seed49_20260912/best_metrics.json
0.1,0.0,0.1091224936679482,0.2014527799192626,0.3105752735872108,0.8927272727272727,0.2545454502105713,0.41818180680274963,qc4wyals_elfb_dascoli_weightgrid_lora8_mid_ep40_sem0.1_floor0.0_acc0.50_seed49_20260912,/data/engs-pnpl/glandau/elf-runs/qc4wyals_elfb_dascoli_weightgrid_lora8_mid_ep40_sem0.1_floor0.0_acc0.50_seed49_20260912/best_metrics.json
0.1,0.25,0.12937494323857957,0.21588261263394956,0.34525755587252915,0.8663636363636363,0.3272727131843567,0.45454543828964233,qc4wyals_elfb_dascoli_weightgrid_lora8_mid_ep40_sem0.1_floor0.25_acc0.50_seed49_20260912,/data/engs-pnpl/glandau/elf-runs/qc4wyals_elfb_dascoli_weightgrid_lora8_mid_ep40_sem0.1_floor0.25_acc0.50_seed49_20260912/best_metrics.json
0.1,0.5,0.14500095863732224,0.24369410681259826,0.3886950654499205,0.8290909090909091,0.30909091234207153,0.5090909004211426,qc4wyals_elfb_dascoli_weightgrid_lora8_mid_ep40_sem0.1_floor0.5_acc0.50_seed49_20260912,/data/engs-pnpl/glandau/elf-runs/qc4wyals_elfb_dascoli_weightgrid_lora8_mid_ep40_sem0.1_floor0.5_acc0.50_seed49_20260912/best_metrics.json
0.1,0.75,0.15185618896848843,0.25921801624588003,0.41107420521436844,0.7954545454545454,0.34545454382896423,0.5272727012634277,qc4wyals_elfb_dascoli_weightgrid_lora8_mid_ep40_sem0.1_floor0.75_acc0.50_seed49_20260912,/data/engs-pnpl/glandau/elf-runs/qc4wyals_elfb_dascoli_weightgrid_lora8_mid_ep40_sem0.1_floor0.75_acc0.50_seed49_20260912/best_metrics.json
0.1,1.0,0.1600050855264759,0.2720104852148196,0.4320155707412955,0.7754545454545455,0.33636361360549927,0.5272727012634277,qc4wyals_elfb_dascoli_weightgrid_lora8_mid_ep40_sem0.1_floor1.0_acc0.50_seed49_20260912,/data/engs-pnpl/glandau/elf-runs/qc4wyals_elfb_dascoli_weightgrid_lora8_mid_ep40_sem0.1_floor1.0_acc0.50_seed49_20260912/best_metrics.json
0.25,0.0,0.023859776587049315,0.08546545020792136,0.10932522679497067,0.9763636363636363,0.072727270424366,0.19090908765792847,qc4wyals_elfb_dascoli_weightgrid_lora8_mid_ep40_sem0.25_floor0.0_acc0.50_seed49_20260912,/data/engs-pnpl/glandau/elf-runs/qc4wyals_elfb_dascoli_weightgrid_lora8_mid_ep40_sem0.25_floor0.0_acc0.50_seed49_20260912/best_metrics.json
0.25,0.25,0.023126873126873126,0.08920854234110638,0.11233541546797951,0.9727272727272728,0.08181817829608917,0.16363635659217834,qc4wyals_elfb_dascoli_weightgrid_lora8_mid_ep40_sem0.25_floor0.25_acc0.50_seed49_20260912,/data/engs-pnpl/glandau/elf-runs/qc4wyals_elfb_dascoli_weightgrid_lora8_mid_ep40_sem0.25_floor0.25_acc0.50_seed49_20260912/best_metrics.json
0.25,0.5,0.025061605061605062,0.08548762422179254,0.11054922928339761,0.9718181818181818,0.05454545468091965,0.15454545617103577,qc4wyals_elfb_dascoli_weightgrid_lora8_mid_ep40_sem0.25_floor0.5_acc0.50_seed49_20260912,/data/engs-pnpl/glandau/elf-runs/qc4wyals_elfb_dascoli_weightgrid_lora8_mid_ep40_sem0.25_floor0.5_acc0.50_seed49_20260912/best_metrics.json
0.25,0.75,0.029008869917960825,0.09179143674288621,0.12080030666084704,0.9654545454545455,0.08181817829608917,0.19999998807907104,qc4wyals_elfb_dascoli_weightgrid_lora8_mid_ep40_sem0.25_floor0.75_acc0.50_seed49_20260912,/data/engs-pnpl/glandau/elf-runs/qc4wyals_elfb_dascoli_weightgrid_lora8_mid_ep40_sem0.25_floor0.75_acc0.50_seed49_20260912/best_metrics.json
0.25,1.0,0.038699482335845976,0.10624634223705431,0.14494582457290028,0.9536363636363636,0.09999999403953552,0.2181818187236786,qc4wyals_elfb_dascoli_weightgrid_lora8_mid_ep40_sem0.25_floor1.0_acc0.50_seed49_20260912,/data/engs-pnpl/glandau/elf-runs/qc4wyals_elfb_dascoli_weightgrid_lora8_mid_ep40_sem0.25_floor1.0_acc0.50_seed49_20260912/best_metrics.json
0.5,0.0,0.02130528562346744,0.0727489415431938,0.09405422716666124,0.9863636363636363,0.06363636255264282,0.19999998807907104,qc4wyals_elfb_dascoli_weightgrid_lora8_mid_ep40_sem0.5_floor0.0_acc0.50_seed49_20260912,/data/engs-pnpl/glandau/elf-runs/qc4wyals_elfb_dascoli_weightgrid_lora8_mid_ep40_sem0.5_floor0.0_acc0.50_seed49_20260912/best_metrics.json
0.5,0.25,0.020478233887324795,0.07276168507760918,0.09323991896493397,0.98,0.05454545468091965,0.19999998807907104,qc4wyals_elfb_dascoli_weightgrid_lora8_mid_ep40_sem0.5_floor0.25_acc0.50_seed49_20260912,/data/engs-pnpl/glandau/elf-runs/qc4wyals_elfb_dascoli_weightgrid_lora8_mid_ep40_sem0.5_floor0.25_acc0.50_seed49_20260912/best_metrics.json
0.5,0.5,0.024565737293010023,0.07859630687761233,0.10316204417062236,0.9818181818181818,0.05454545468091965,0.19999998807907104,qc4wyals_elfb_dascoli_weightgrid_lora8_mid_ep40_sem0.5_floor0.5_acc0.50_seed49_20260912,/data/engs-pnpl/glandau/elf-runs/qc4wyals_elfb_dascoli_weightgrid_lora8_mid_ep40_sem0.5_floor0.5_acc0.50_seed49_20260912/best_metrics.json
0.5,0.75,0.025561408288681014,0.07859226379307391,0.10415367208175492,0.9818181818181818,0.09999999403953552,0.19090908765792847,qc4wyals_elfb_dascoli_weightgrid_lora8_mid_ep40_sem0.5_floor0.75_acc0.50_seed49_20260912,/data/engs-pnpl/glandau/elf-runs/qc4wyals_elfb_dascoli_weightgrid_lora8_mid_ep40_sem0.5_floor0.75_acc0.50_seed49_20260912/best_metrics.json
0.5,1.0,0.02602185693094784,0.08094249763121139,0.10696435456215923,0.980909090909091,0.11818181723356247,0.24545453488826752,qc4wyals_elfb_dascoli_weightgrid_lora8_mid_ep40_sem0.5_floor1.0_acc0.50_seed49_20260912,/data/engs-pnpl/glandau/elf-runs/qc4wyals_elfb_dascoli_weightgrid_lora8_mid_ep40_sem0.5_floor1.0_acc0.50_seed49_20260912/best_metrics.json
1.0,0.0,0.028820959195290742,0.09568072002521154,0.12450167922050229,0.9763636363636363,0.11818181723356247,0.30909091234207153,qc4wyals_elfb_dascoli_weightgrid_lora8_mid_ep40_sem1.0_floor0.0_acc0.50_seed49_20260912,/data/engs-pnpl/glandau/elf-runs/qc4wyals_elfb_dascoli_weightgrid_lora8_mid_ep40_sem1.0_floor0.0_acc0.50_seed49_20260912/best_metrics.json
1.0,0.25,0.030598272790786158,0.09900336791864468,0.12960164070943084,0.9627272727272728,0.145454540848732,0.290909081697464,qc4wyals_elfb_dascoli_weightgrid_lora8_mid_ep40_sem1.0_floor0.25_acc0.50_seed49_20260912,/data/engs-pnpl/glandau/elf-runs/qc4wyals_elfb_dascoli_weightgrid_lora8_mid_ep40_sem1.0_floor0.25_acc0.50_seed49_20260912/best_metrics.json
1.0,0.5,0.036547114501659955,0.1113400920819942,0.14788720658365417,0.9563636363636364,0.17272727191448212,0.30909091234207153,qc4wyals_elfb_dascoli_weightgrid_lora8_mid_ep40_sem1.0_floor0.5_acc0.50_seed49_20260912,/data/engs-pnpl/glandau/elf-runs/qc4wyals_elfb_dascoli_weightgrid_lora8_mid_ep40_sem1.0_floor0.5_acc0.50_seed49_20260912/best_metrics.json
1.0,0.75,0.04429931921910532,0.12163707254686706,0.16593639176597239,0.9481818181818182,0.13636362552642822,0.30909091234207153,qc4wyals_elfb_dascoli_weightgrid_lora8_mid_ep40_sem1.0_floor0.75_acc0.50_seed49_20260912,/data/engs-pnpl/glandau/elf-runs/qc4wyals_elfb_dascoli_weightgrid_lora8_mid_ep40_sem1.0_floor0.75_acc0.50_seed49_20260912/best_metrics.json
1.0,1.0,0.058946717275594286,0.1395957386932558,0.1985424559688501,0.9363636363636364,0.15454545617103577,0.34545454382896423,qc4wyals_elfb_dascoli_weightgrid_lora8_mid_ep40_sem1.0_floor1.0_acc0.50_seed49_20260912,/data/engs-pnpl/glandau/elf-runs/qc4wyals_elfb_dascoli_weightgrid_lora8_mid_ep40_sem1.0_floor1.0_acc0.50_seed49_20260912/best_metrics.json
